time,x,y,teamName
57.6249918,172307.171875,360192.90625,BRU
62.4449918,211280.53125,426891.34375,AAP
65.3899918,167068.078125,473110.3125,GEN
73.1429918,267814.65625,521357.6875,HERO
75.8319918,364816.6875,365108.375,AAA
76.4569918,295068.40625,277002.8125,TL
84.4409918,497760.40625,534355.84375,NH
85.8629918,522857.46875,442081.0625,KX
86.0059918,433246.4375,352168.53125,FURY
92.5049918,606213.125,557118.8125,FaZe
95.2589918,560882.3125,401188.75,SSG
102.2979918,559154.0625,676902.375,Uniq
279.1059918,374454.125,514792.15625,GBL
883.5869918,448535.28125,507546.875,DNW
56.3972202,683360.25,324740.0625,BRU
64.5902202,603579.875,199181.125,FaZe
66.3962202,515265.125,359435.75,SSG
68.5262202,522852.0625,442073.96875,KX
73.5282202,554034.75,220735.75,Uniq
76.3942202,408387.75,472930.4375,AAA
79.1572202,433193.21875,352167.6875,FURY
79.8642202,499809.25,545531.5,NH
88.0792202,316757.78125,485143.90625,AAP
88.5752202,257056.78125,567139.28125,HERO
97.0852202,217833.390625,535366.59375,GEN
143.1022202,339702.75,300999.21875,TL
154.7402202,448560.40625,507592.5625,DNW
60.1711197,97190.390625,374305.75,GEN
60.2041197,172326.78125,360241.15625,BRU
61.1121197,215331.1875,287884.5,TL
61.8371197,156194.21875,272591.25,AAP
73.5381197,312899.875,436597.65625,AAA
77.4071197,438721.25,349917.71875,FURY
82.1531197,522919.1875,442025.8125,KX
82.6831197,515254.03125,359452.6875,SSG
82.8911197,376704.53125,222776.0,Uniq
96.8611197,689264.875,488615.0625,FaZe
104.4801197,476823.0,565484.765625,NH
118.6511197,629346.75,621088.890625,HERO
213.6721197,381622.65625,521393.4375,GBL
569.3581197,448599.78125,507525.40625,BBL
48.1896104,114636.3515625,623607.25,GBL
51.1436104,128936.484375,555592.0625,FaZe
56.7026104,96912.3671875,502609.84375,AAP
64.8646104,150422.796875,457079.90625,SSG
66.6616104,235380.40625,633530.5,KX
72.0656104,170239.53125,343286.09375,GEN
72.4686104,340955.9375,395194.28125,AAA
74.2156104,204481.078125,310363.90625,TL
75.2866104,148569.3125,395643.25,HERO
76.4746104,281458.78125,341475.8125,BBL
80.1606104,330149.0625,283135.4375,DNW
81.2206104,211269.328125,671009.84375,Uniq
84.6996104,446660.75,349413.6875,FURY
93.5386104,471765.375,317617.59375,NH
218.7946104,427231.25,478215.15625,BRU
225.4456104,310878.34375,458218.5625,VP
53.4692594,78749.953125,518354.71875,AAP
57.1362594,181539.71875,522579.0625,FaZe
61.1922594,36302.9921875,588227.4375,GBL
61.1962594,174223.953125,438321.65625,SSG
62.4582594,114712.40625,623627.765625,Uniq
67.2872594,284998.03125,368021.875,BBL
73.4512594,229905.328125,309925.375,DNW
78.9802594,471729.3125,317654.21875,NH
81.9032594,493170.4375,249687.5625,TL
82.0122594,477084.46875,397095.0,FURY
85.2782594,427184.46875,478172.0625,BRU
88.4542594,586884.3125,325125.15625,HERO
91.9052594,621056.6875,312289.8125,GEN
95.9942594,559336.75,407712.78125,KX
178.9862594,344268.25,440043.9375,VP
190.3352594,340912.40625,395065.21875,AAA
48.0761952,662829.6875,700345.796875,Uniq
54.5571952,623791.0625,585442.9375,GBL
58.5581952,563875.3125,530820.0625,KX
66.9381952,482588.09375,517530.59375,BRU
70.0041952,500594.96875,456736.15625,FURY
75.1501952,497080.5625,647097.78125,TL
81.6081952,386566.53125,399767.125,AAA
83.5461952,259409.125,422263.03125,BBL
86.6681952,215125.1875,530917.78125,FaZe
87.2221952,174194.109375,438360.53125,SSG
87.2531952,293140.96875,452985.8125,VP
89.8611952,477041.25,397143.875,NH
91.6631952,117613.5625,459275.0625,AAP
96.0281952,229925.609375,309911.84375,DNW
97.0691952,92855.375,316640.34375,GEN
140.9791952,713701.25,482334.75,HERO
65.1604608,426376.125,195405.75,Uniq
68.0104608,305662.46875,280590.25,GHD
71.2334608,433185.1875,352116.0625,FaZe
75.6154608,271546.71875,391121.875,GEX
77.3964608,408347.40625,472963.125,DNW
80.0044608,446256.28125,247835.5,OATH
80.6464608,374411.03125,514812.53125,SQ
81.9064608,502145.125,333240.0625,SSG
88.7104608,491267.9375,528354.3125,NH
89.5874608,269982.09375,499505.65625,GEN
90.0074608,404638.40625,640982.25,TSM
91.5734608,356198.40625,578429.390625,E36
92.6604608,516249.03125,407273.90625,MCG
148.2074608,190948.921875,296501.1875,KX
638.4724608,369860.8125,404234.25,17
54.3670131,459588.21875,720830.265625,TSM
68.2370131,548781.0,492539.0,MCG
71.9590131,448559.5625,507603.875,DNW
73.3020131,660043.0625,745924.8984375,E36
80.7480131,502166.78125,333193.4375,SSG
82.3580131,677288.625,526602.75,GEX
83.4190131,494309.25,342128.75,FaZe
85.1140131,433209.25,352176.78125,GHD
89.4720131,554077.0625,220790.75,GEN
95.0350131,374442.0625,514720.1875,SQ
97.2150131,682726.375,382017.53125,OATH
102.0250131,445589.09375,162873.5,Uniq
104.6730131,567182.25,153792.5625,KX
181.4230131,539266.0625,580176.265625,NH
643.6570131,326394.125,436578.96875,17
690.3550131,380525.25,448373.53125,AAA
54.3130156,677284.0625,526635.09375,GEX
61.4800156,680596.5625,442048.46875,OATH
63.3610156,548759.75,492558.90625,MCG
64.5520156,588625.5,561759.0,NH
70.8950156,448563.625,507593.21875,DNW
72.0350156,424201.4375,515139.875,SQ
73.2460156,489930.90625,635721.296875,Uniq
75.4030156,479142.53125,403876.3125,FaZe
77.1370156,356234.59375,578478.84375,TSM
86.4430156,271497.40625,391190.125,GHD
86.9150156,301129.75,549186.0625,E36
92.3550156,154035.46875,517579.90625,GEN
101.2010156,515218.75,359465.21875,SSG
107.5000156,101362.0234375,293639.6875,KX
306.6160156,369863.125,404308.5,17
54.0927271,138981.734375,236217.1875,GEN
58.5797271,98830.8046875,334448.125,FaZe
59.4337271,170300.5625,343330.625,SSG
62.4647271,336996.4375,270087.0625,DNW
67.6657271,318529.78125,345598.0625,SQ
74.3707271,445440.34375,246150.75,GHD
74.5247271,284975.875,367994.15625,MCG
79.7367271,429359.4375,407451.15625,TSM
80.2767271,259482.53125,422221.5625,E36
82.6617271,477046.4375,397151.40625,OATH
84.9327271,620121.625,349194.875,GEX
91.0467271,605106.625,451909.09375,KX
106.3347271,707115.5625,528165.9375,Uniq
128.6217271,493163.625,249707.0,NH
419.1247271,378016.0,398592.0625,17
58.8185288,620177.6875,349248.6875,GEX
62.2165288,623134.5,187765.5625,GEN
63.3625288,663382.3125,376315.59375,Uniq
67.9835288,471811.875,317557.375,NH
71.9755288,443679.09375,219607.0,GHD
74.7095288,503106.15625,407627.125,OATH
75.0415288,396392.09375,342360.125,SQ
76.6815288,337054.59375,270021.625,DNW
86.8515288,309638.53125,398028.625,MCG
90.0515288,170328.015625,343257.28125,SSG
92.9275288,92832.2578125,316741.5625,TSM
97.4955288,259357.578125,422239.40625,E36
98.5215288,605063.4375,451936.84375,KX
112.0345288,117571.4609375,459184.125,FaZe
298.5585288,360902.21875,396165.59375,AAA
58.226968,189864.25,211439.9375,GEN
59.329968,351411.6875,211553.0,GHD
64.115968,337027.625,270009.625,DNW
65.399968,385203.03125,299840.40625,SQ
76.375968,310885.0625,458140.375,MCG
77.559968,477087.71875,397085.9375,OATH
83.539968,492873.90625,343681.65625,GEX
85.492968,259363.484375,422297.5625,SSG
92.369968,315778.125,543188.59375,E36
102.053968,534014.875,775053.33203125,FaZe
106.000968,662827.9375,700376.4609375,Uniq
124.725968,497110.0,646942.90625,KX
155.113968,442789.0625,587048.859375,TSM
218.201968,443285.0625,271202.5625,NH
520.895968,367200.59375,386882.09375,17
59.4110046,698009.5625,350337.65625,MaD
63.3350046,553959.625,220784.875,SSG
63.4150046,555169.75,310067.6875,ENCE
65.9780046,683332.9375,324772.84375,FaZe
73.6740046,433269.21875,352054.6875,DNW
76.5820046,445619.0,162790.0,Uniq
79.9140046,364726.59375,365103.90625,AAA
82.6550046,295039.875,276989.9375,PeRo
85.0000046,386550.09375,146650.125,NH
86.6990046,271518.6875,391109.8125,BN
89.9120046,216727.984375,367337.375,GNL
95.5920046,149865.609375,214507.4375,KPI
97.7450046,97254.0546875,374344.625,GEN
100.9700046,101410.265625,293460.6875,KX
101.4670046,465939.625,349519.46875,NAVI
168.2350046,456951.5625,201015.1875,DIG
60.426948,99640.6953125,338727.59375,GEN
60.449948,222298.125,265842.25,KX
62.651948,295060.3125,276900.0625,PeRo
71.637948,376729.125,222710.9375,Uniq
72.562948,352771.375,352268.3125,AAA
72.892948,238995.4375,379682.96875,GNL
74.114948,393683.09375,346591.625,NAVI
74.627948,271532.09375,391113.0,BN
75.784948,433140.875,352091.09375,DNW
79.113948,450057.28125,202189.5625,DIG
88.019948,516192.5625,407256.125,KPI
88.077948,631828.9375,333191.65625,ENCE
91.241948,645372.3125,398360.90625,SSG
95.815948,682799.4375,382086.75,FaZe
203.233948,664615.5,470551.875,MaD
204.131948,553979.0,220858.4375,NH
56.3128457,603556.4375,199202.375,DIG
70.0258457,675841.875,311804.0625,FaZe
70.5598457,433248.75,352166.78125,NAVI
73.3148457,522847.78125,442018.8125,NH
78.3688457,355241.71875,334978.34375,PeRo
78.4978457,337920.96875,429681.8125,AAA
79.1488457,408454.1875,473038.1875,DNW
81.8508457,448624.1875,507565.21875,BN
83.3048457,271538.03125,391061.09375,GNL
85.1168457,376683.5,222681.25,Uniq
85.1708457,548877.3125,460627.59375,KPI
85.8418457,645385.0,398284.0,SSG
92.3498457,238769.390625,545850.65625,GEN
94.1738457,166612.8125,595128.25,KX
100.6058457,317771.75,569782.4375,MaD
271.4748457,595153.3125,341298.53125,ENCE
54.9994621,663345.875,376299.46875,DIG
56.0434621,713756.4375,482381.25,Uniq
60.9504621,605100.6875,451920.8125,ENCE
62.6574621,638516.0625,300635.53125,GEN
66.0324621,523818.46875,282699.75,KPI
72.7184621,498055.6875,450128.625,PeRo
73.5664621,396366.9375,342326.4375,AAA
78.5914621,337103.03125,269993.25,DNW
79.7264621,458202.09375,217493.0,FaZe
96.1064621,344280.375,440078.3125,NAVI
101.0714621,99453.421875,306774.0,MaD
101.1574621,198756.390625,401041.25,SSG
152.1364621,471744.03125,317621.75,NH
161.3974621,394518.125,517718.9375,BN
532.3164621,434784.0,421561.15625,GNL
638.9734621,620182.9375,349159.46875,KX
51.041572,128976.6640625,555619.8125,MaD
59.732572,57696.9921875,699384.96875,ENCE
63.920572,293044.8125,453072.5625,NAVI
69.203572,246998.21875,393614.5625,SSG
70.328572,309701.34375,397998.625,AAA
71.383572,318502.59375,345578.03125,DNW
71.753572,170277.09375,343436.78125,KX
79.691572,211234.296875,671027.546875,Uniq
79.815572,471760.25,317617.5625,NH
80.550572,345709.15625,524362.59375,BN
80.976572,445535.65625,246112.375,KPI
81.987572,458129.65625,217567.3125,FaZe
89.160572,476978.9375,397098.5,PeRo
89.342572,427212.5,478132.25,GNL
97.923572,544046.875,321959.75,DIG
101.676572,626144.125,208208.0625,GEN
56.8607337,361877.59375,148818.3125,KX
59.7567337,382312.3125,221767.1875,FaZe
70.0607337,559672.6875,200782.5,GEN
71.3207337,359356.625,240675.5,DNW
74.3437337,477119.875,397113.75,PeRo
75.5017337,586871.375,325105.09375,DIG
77.0457337,352751.34375,324409.3125,SSG
78.9977337,446624.28125,349556.28125,AAA
81.3677337,587853.125,451492.21875,ENCE
87.3847337,479617.59375,558748.09375,GNL
96.1947337,442702.375,282428.0,KPI
97.2357337,567692.3125,700663.15625,MaD
98.4127337,662800.75,700395.6484375,Uniq
100.5257337,394546.84375,517782.28125,BN
227.2617337,310889.28125,458205.09375,NAVI
275.4237337,471719.9375,317600.15625,NH
62.0635223,462876.46875,166437.0,FURY
67.1315223,442956.3125,110761.3125,NH
69.0045223,433147.96875,352191.90625,TSM
70.8355223,393647.5,346647.46875,TL
73.6075223,515214.5,359377.21875,MCG
77.4205223,271558.125,391160.15625,BRU
78.5885223,342421.5,416227.8125,17
86.7615223,539508.25,324936.96875,ENCE
91.6685223,141679.15625,528273.96875,GEN
91.8235223,374459.625,514784.375,BN
93.6005223,257032.828125,567146.125,MaD
93.7985223,374571.46875,514836.21875,GBL
186.0265223,698048.5625,350314.0,OATH
464.2535223,583761.625,343901.1875,FaZe
567.6465223,427729.625,491757.34375,VP
48.0347723,114644.71875,623687.140625,GBL
57.0847723,158061.078125,662320.796875,BRU
57.9067723,51945.19140625,719613.171875,ENCE
58.3977723,135065.296875,541245.1875,MaD
62.3337723,150401.1875,457004.25,FaZe
66.5917723,310848.71875,458142.65625,VP
67.6847723,264432.21875,484022.3125,NAVI
75.6097723,396313.25,342374.34375,17
78.0407723,336909.96875,270048.5625,DNW
86.1717723,493279.28125,249729.0,FURY
87.5417723,429364.4375,407456.0,OATH
91.2207723,361930.6875,148869.375,TSM
91.7187723,483622.6875,180798.5,TL
109.8547723,615014.125,196600.0,GEN
136.4847723,372527.6875,540827.625,BN
229.9657723,423745.5625,287691.4375,NH
53.1552861,668103.0625,644122.5,HERO
59.4972861,606167.3125,557140.84375,GNL
59.6462861,493548.65625,631980.015625,ENCE
60.6572861,539179.5,580201.484375,TSM
66.2152861,497831.25,534426.8125,GBL
69.7222861,522899.1875,442007.96875,MCG
74.1082861,515229.03125,359376.53125,SSG
74.9242861,479157.0,403846.375,KPI
76.3012861,677341.6875,526660.53125,BRU
85.7672861,645427.6875,398391.15625,OATH
88.5082861,445626.25,162862.3125,FURY
92.4272861,554025.9375,220732.125,GEN
97.8972861,336076.71875,272403.125,TL
229.7082861,369863.0625,404320.375,17
942.6512861,495201.21875,476544.9375,VP
52.056646,674246.8125,720168.4296875,OATH
61.487646,539244.9375,580247.109375,TSM
66.788646,448580.40625,507514.90625,GBL
68.032646,473872.0625,508066.53125,MCG
69.510646,396958.25,630265.09375,ENCE
76.870646,342385.65625,416255.34375,17
79.795646,271555.4375,391167.90625,GNL
80.002646,272793.625,561500.28125,HERO
83.187646,371489.53125,344103.9375,TL
84.379646,265172.1875,547067.25,GEN
88.078646,433307.8125,352101.375,KPI
92.939646,179811.53125,353434.59375,BRU
104.105646,101623.578125,284153.0625,SSG
106.218646,372817.28125,224238.9375,FURY
1064.929646,458072.40625,432895.59375,DNW
58.6264331,441556.625,163036.1875,FURY
60.2964331,572507.6875,135462.8125,OATH
62.7074331,385534.0625,197600.9375,TSM
63.8904331,514418.96875,195458.25,SSG
72.2324331,339754.625,301003.5625,TL
74.3494331,404713.8125,344401.75,KPI
76.9344331,222353.03125,265812.75,BRU
77.3724331,271575.6875,391077.96875,GNL
85.2094331,377065.71875,435511.71875,17
87.2184331,316663.125,485085.375,GBL
89.7774331,141691.703125,528195.875,GEN
92.0214331,169765.0,594539.28125,HERO
96.4734331,97172.015625,374399.34375,MCG
182.5904331,108225.265625,679472.875,ENCE
183.6014331,408311.21875,472923.125,DNW
58.4306728,518683.84375,176047.3125,GEN
58.6426728,505123.46875,238630.0,KPI
64.7276728,463813.25,278555.6875,FURY
66.1966728,544117.0625,293367.4375,HERO
72.8566728,477046.0625,397151.125,OATH
78.9186728,337009.5,270148.1875,DNW
83.1726728,438170.5625,507119.59375,TSM
83.4996728,394563.40625,517779.5,BRU
83.7056728,293046.0625,453079.625,SSG
87.2086728,559357.6875,407717.71875,ENCE
90.6476728,236984.515625,545490.5,GNL
91.5706728,501906.25,544702.375,GBL
95.6696728,309646.65625,398037.09375,17
104.0676728,463639.59375,633339.546875,TL
230.9446728,310881.09375,458275.875,MCG
58.47417,650822.4375,374820.15625,HERO
63.15817,608374.4375,455192.59375,ENCE
64.21117,641250.625,239964.4375,GEN
66.61417,564081.125,314221.28125,KPI
66.85717,533446.625,446076.8125,OATH
74.43017,503049.3125,407413.5625,DNW
75.08517,518734.21875,337019.8125,FURY
77.19017,438677.4375,428539.21875,17
77.75017,468656.40625,507831.84375,TSM
83.37517,347060.90625,546687.71875,BRU
88.30617,550445.4375,655017.46875,TL
89.67717,346267.5625,496871.09375,MCG
95.43117,288691.5,556704.8125,GNL
116.08517,280744.78125,596709.390625,SSG
200.64317,643695.875,559031.5,GBL
276.11817,310909.625,458174.25,VP
58.0300462,361846.5,148852.0625,KPI
63.9300462,400253.0625,115818.125,HERO
67.2740462,337115.28125,270087.75,DNW
74.1140462,135256.109375,222593.4375,GEN
74.3620462,385205.59375,299811.46875,FURY
76.2930462,247040.703125,393590.4375,SSG
76.9340462,310980.71875,458164.5625,MCG
79.2430462,235511.4375,480878.0,GNL
80.1920462,264414.1875,484086.375,BRU
82.8230462,370643.5,371271.5625,17
90.1640462,360132.34375,450194.125,OATH
90.7110462,340707.96875,597448.53125,TL
99.7540462,308726.40625,758554.3671875,ENCE
99.8810462,126464.6875,584272.96875,GBL
121.0590462,412205.5625,612920.421875,TSM
62.951224,605027.375,451868.0625,ENCE
64.228224,654581.8125,470646.34375,GNL
64.365224,533418.4375,446159.5625,OATH
68.864224,468657.65625,507810.3125,TSM
72.012224,637464.3125,428919.09375,HERO
74.662224,383254.5625,388091.28125,17
82.487224,463905.71875,278529.6875,FURY
85.362224,481346.6875,284945.4375,KPI
86.730224,337022.21875,270008.5,DNW
97.790224,178735.46875,206047.4375,GEN
108.812224,309673.875,397988.71875,SSG
111.329224,371752.21875,512365.0,BRU
204.036224,664726.125,549163.6875,GBL
221.987224,552217.625,678285.84375,TL
765.220224,310836.875,458186.125,MCG
53.448647,141564.84375,232947.1875,GEN
59.770647,170226.65625,343228.25,DNW
66.540647,246961.34375,393614.84375,SSG
68.468647,310837.21875,458138.28125,BRU
70.069647,331228.3125,417267.625,17
74.267647,396308.4375,342333.28125,FURY
74.970647,235577.828125,480838.875,GNL
82.109647,427538.25,539625.21875,TSM
84.444647,438734.90625,428583.3125,OATH
89.108647,509710.25,588872.78125,TL
102.396647,557308.8125,772399.921875,HERO
119.300647,443303.84375,755835.86328125,ENCE
121.557647,646198.0625,565393.109375,GBL
188.839647,662831.5625,700351.6796875,KPI
710.492647,360047.375,450206.34375,MCG
58.9113881,431928.625,711081.2890625,OATH
63.0893881,356272.28125,578524.0,MCG
67.6883881,374397.40625,514812.75,GBL
67.8623881,232928.515625,579886.421875,HERO
72.4943881,380805.625,448294.71875,17
73.4103881,356882.96875,659548.96875,ENCE
73.5093881,453801.9375,567371.9375,TSM
75.4373881,271539.375,391241.0625,GNL
75.8893881,214363.296875,522525.53125,GEN
77.0153881,408346.375,472972.96875,DNW
81.3233881,227939.109375,375597.5625,BRU
81.9803881,352798.28125,352306.03125,TL
83.7743881,184565.546875,669304.546875,VP
86.1013881,404810.875,344421.46875,KPI
92.9993881,376777.25,222669.0625,SSG
106.9133881,386568.375,146600.5,FURY
55.8789222,167045.6875,473175.21875,GEN
59.9439222,210652.0625,446944.84375,GNL
61.7689222,97256.59375,374363.15625,FURY
67.1539222,257016.40625,567164.0,HERO
68.6419222,326412.875,436531.15625,17
71.1249222,104307.4296875,625537.8125,VP
71.3899222,374425.65625,514723.0625,GBL
72.1869222,408348.875,472977.78125,DNW
74.0359222,353742.1875,575974.890625,ENCE
83.5179222,371557.125,344126.90625,TL
85.3399222,421682.1875,348163.21875,KPI
86.7079222,603758.25,455132.40625,BRU
87.1229222,517621.03125,578166.109375,TSM
87.4609222,540385.8125,482681.1875,MCG
97.3819222,534764.3125,336138.03125,SSG
105.6059222,698020.5625,350412.28125,OATH
67.9949092,353736.59375,575949.84375,HERO
68.3749092,448601.75,507580.125,DNW
69.2829092,476798.5625,565460.625,GBL
69.4859092,396991.375,630212.109375,ENCE
72.6319092,408438.90625,473052.09375,TL
72.9649092,539225.4375,580245.71875,TSM
76.8519092,522827.71875,441968.5625,MCG
81.2349092,399001.53125,429704.15625,17
81.4849092,599750.5625,569680.3125,GNL
81.8209092,515170.71875,359394.53125,SSG
83.1819092,184616.78125,669315.390625,VP
87.7939092,449517.09375,352010.65625,KPI
88.6379092,653442.4375,471379.84375,BRU
92.0459092,698052.125,350325.84375,OATH
97.6249092,551364.25,220205.625,FURY
116.6439092,267864.625,521418.40625,GEN
50.9408779,662703.0625,700340.484375,GNL
51.9958779,534133.625,775091.4375,SSG
65.0248779,463582.5625,633323.328125,TL
67.2208779,605093.625,452059.65625,ENCE
67.6258779,500547.125,456741.96875,OATH
72.1288779,427349.5625,478223.75,BRU
72.1868779,623843.0625,585386.375,GBL
80.6058779,396285.15625,342256.65625,17
80.9648779,445541.15625,246114.1875,FURY
83.4158779,620055.5625,349158.5,HERO
87.6868779,379566.5,467279.5,VP
89.4418779,534023.8125,215888.0625,GEN
90.6718779,385243.0625,299851.8125,BBL
93.2878779,336976.8125,270149.1875,DNW
95.4638779,499535.3125,258327.25,KPI
192.1038779,487718.0,487033.9375,TSM
54.5383754,698025.375,350315.46875,OATH
66.0713754,515200.03125,359377.09375,SSG
66.6373754,603774.125,455012.65625,BRU
67.8253754,603665.5625,455189.59375,SQ
69.0393754,549789.6875,236043.375,FURY
72.2833754,465987.28125,349469.65625,KPI
74.2683754,448540.125,507595.0,DNW
78.1333754,374441.46875,514719.59375,GBL
79.9253754,377526.40625,384284.5625,17
81.9903754,316845.03125,485123.875,BBL
82.3323754,499797.46875,545608.5,TSM
85.4063754,404783.375,344460.46875,TL
87.4853754,257075.8125,567217.875,HERO
95.0203754,229004.546875,543219.0,GEN
106.9143754,121747.46875,679370.53125,VP
234.6853754,294576.40625,683457.75,ENCE
59.2735793,463635.59375,633318.25,TL
65.8995793,401914.0625,521918.75,SQ
73.9595793,379518.96875,467318.28125,VP
76.8515793,613837.5,617019.515625,GBL
78.4615793,412856.1875,436653.21875,OATH
80.3395793,246994.953125,393614.53125,SSG
81.6555793,386581.90625,399689.25,17
84.0125793,318529.78125,345548.59375,BBL
86.2305793,204584.609375,310303.375,DNW
92.3725793,429765.875,369760.40625,NH
94.8505793,141663.90625,233032.125,GEN
98.9625793,170260.390625,343292.28125,HERO
99.4415793,160070.078125,482871.34375,FURY
107.7505793,308753.90625,758622.484375,ENCE
126.4335793,468559.375,507725.21875,TSM
651.1565793,128945.6953125,555542.0,KPI
61.6432602,644818.5625,551238.5,OATH
63.4572602,606222.25,557075.671875,FURY
66.3752602,448604.59375,507514.40625,DNW
66.7432602,652509.375,758082.7734375,VP
68.4092602,553846.625,552525.0625,NH
69.2032602,497791.9375,534424.34375,GBL
79.6912602,522890.5,441952.9375,SQ
80.9032602,280971.625,562999.328125,HERO
81.3932602,391383.03125,463278.25,17
82.2252602,271482.5,391127.84375,TSM
88.4282602,352753.875,352311.0,TL
90.8102602,172358.75,360258.375,SSG
96.5342602,101448.1953125,293609.8125,PeRo
96.6492602,167178.484375,473178.90625,GEN
99.0052602,462867.53125,375047.5,KPI
201.6812602,393557.3125,649275.578125,ENCE
50.4389606,76339.9609375,723933.8984375,GBL
61.9299606,307266.25,563107.09375,SQ
63.3319606,128984.5546875,555478.0625,FURY
64.2309606,306726.125,639603.328125,TL
69.3539606,365175.9375,572794.8125,TSM
75.9169606,217386.484375,412367.5,SSG
78.5029606,386553.8125,399673.71875,17
78.8899606,337025.375,270079.4375,DNW
84.1569606,427229.0,478136.78125,OATH
84.3049606,463791.4375,278663.5625,NH
86.5859606,443720.5625,219582.9375,GHD
98.4649606,518686.46875,176133.6875,GEN
99.0529606,471789.6875,317648.5,PeRo
100.7769606,499619.5625,258289.625,KPI
113.6189606,428153.90625,107228.0625,HERO
199.6699606,310943.09375,458248.375,VP
60.5228576,562350.875,573516.859375,NH
60.7538576,606217.625,557126.234375,FURY
62.2558576,645185.6875,572004.203125,OATH
66.4108576,448556.5,507602.0,VP
69.1268576,404636.0625,640905.875,TSM
70.9868576,374399.5625,514814.21875,GBL
79.0048576,391351.25,463248.9375,17
82.4738576,271558.8125,391141.96875,GHD
82.5078576,301140.40625,549142.0,HERO
84.1078576,352733.375,352198.59375,TL
84.1378576,479115.0,403819.5,KPI
87.6668576,522923.125,442044.90625,SQ
88.9778576,172322.671875,360241.6875,SSG
92.2398576,167111.140625,473139.21875,GEN
125.7858576,393594.46875,649258.5,PeRo
168.6258576,372858.25,224275.625,DIG
58.0613101,160029.671875,482927.25,SSG
60.2883101,112305.03125,517334.28125,FURY
68.9783101,170249.875,343375.53125,GEN
69.9353101,259404.375,422237.3125,DIG
77.9653101,370662.21875,523299.84375,SQ
78.6493101,309654.3125,398035.5,17
80.7103101,412783.40625,436742.0625,NH
82.5593101,479591.0,558825.078125,TSM
84.4143101,566746.5,531319.65625,GBL
85.4973101,463633.90625,633316.171875,TL
85.8443101,500651.6875,456708.65625,OATH
88.0083101,306676.15625,639698.453125,Uniq
93.0293101,556922.25,461094.0,GHD
158.6463101,693374.6875,657594.203125,KPI
202.0543101,344322.0625,440105.0,VP
55.619977,141742.984375,528191.3125,GEN
57.118977,166626.515625,595100.640625,Uniq
64.230977,152510.703125,620532.53125,PeRo
64.549977,211238.296875,426837.28125,GHD
70.647977,256980.09375,567127.140625,TSM
73.210977,316687.6875,485037.875,GBL
74.490977,302987.53125,423503.625,17
77.387977,352707.15625,352312.59375,TL
81.399977,376757.125,222672.75,SQ
81.917977,267850.59375,521419.28125,NH
84.199977,433234.0,352227.25,KPI
85.090977,438711.90625,203112.4375,FURY
91.465977,505932.96875,238971.0,OATH
95.462977,554027.1875,220900.25,SSG
101.923977,502128.1875,333219.8125,NAVI
110.303977,408351.625,472991.125,VP
57.0683505,614993.0,196610.125,GEN
57.6283505,620166.5625,349195.625,GEX
67.3163505,518756.46875,337028.125,NH
68.6093505,533417.8125,446147.34375,OATH
69.4783505,605064.625,451919.625,GHD
74.2373505,429436.75,407431.5,17
76.0863505,566781.3125,531308.375,GBL
76.6593505,438179.34375,507161.84375,TSM
79.4433505,476274.40625,422227.375,PeRo
81.7343505,509783.25,588834.734375,TL
81.8283505,401970.65625,521806.25,SQ
93.2693505,396733.0,699557.7265625,SSG
93.7373505,329473.75,694668.171875,Uniq
108.6073505,263156.84375,542877.15625,FURY
159.1023505,507791.46875,284139.1875,KPI
224.8773505,344295.125,440030.65625,VP
56.7519203,459515.1875,720838.25,Uniq
58.6999203,371283.9375,703984.640625,MaD
61.4259203,294494.9375,683478.6875,PeRo
64.9249203,374383.34375,514719.75,GBL
68.4509203,448534.78125,507589.3125,VP
70.7639203,461665.71875,583337.46875,NH
72.6109203,326474.15625,436592.375,17
72.8969203,257058.734375,567139.40625,GEN
77.9189203,364804.5625,365148.5,TL
80.0839203,271558.15625,391141.96875,GEX
82.1979203,269985.5625,499499.625,GHD
82.7039203,433308.625,352169.0,KPI
86.6419203,494212.71875,342189.25,TSM
86.6929203,522829.3125,442120.5,SQ
90.7509203,416676.28125,187308.125,FURY
111.9829203,501020.96875,249244.125,OATH
54.5026353,689219.5625,488594.875,GEX
58.9096353,614330.5625,461654.5625,SQ
63.4266353,698028.1875,350314.75,OATH
67.7316353,560680.4375,500567.21875,NH
69.6926353,497762.0,534399.625,GBL
70.4146353,448615.21875,507526.28125,17
72.5036353,631313.0,583798.40625,FURY
75.0866353,408474.5,473012.59375,TL
76.0366353,479129.40625,403865.28125,KPI
85.3996353,337910.21875,429734.8125,AAA
87.1996353,515208.84375,359465.59375,TSM
93.0786353,192984.9375,584854.390625,PeRo
93.4356353,303012.125,423493.46875,GHD
94.4626353,141725.84375,528282.25,GEN
101.2466353,417459.90625,637642.75,Uniq
184.7256353,356265.65625,578406.421875,MaD
48.9502154,662758.625,700381.671875,Uniq
57.0342154,566789.875,531390.21875,GBL
66.0422154,468646.5,507838.90625,TSM
66.9172154,500595.71875,456744.78125,OATH
68.6382154,563829.875,749213.9921875,KPI
70.1762154,595760.0625,723607.2734375,GHD
71.9982154,605132.8125,451979.78125,GEX
72.4102154,477075.6875,397227.25,PeRo
76.4522154,360105.84375,450171.03125,SQ
83.4362154,429939.875,369742.0625,NH
84.0242154,309681.21875,397962.53125,17
85.6862154,256831.84375,303984.71875,FURY
88.9382154,217299.3125,412347.1875,AAA
93.7612154,92783.5703125,316609.65625,GEN
111.0472154,196256.171875,522312.03125,MaD
332.9232154,563829.5625,530796.5,KX
65.3790348,445617.4375,162855.9375,FURY
65.6740348,571722.0,328084.0,TSM
70.2190348,449473.59375,351967.25,KPI
78.4170348,326386.5,436597.5625,AAA
79.0180348,408397.15625,473012.84375,17
79.6310348,555235.75,411292.40625,SQ
82.3730348,374416.75,514812.71875,GBL
82.4450348,479888.5625,491313.5,NH
83.6900348,316831.5625,289881.3125,PeRo
88.2390348,269100.375,388686.40625,GHD
88.8950348,675691.625,311720.8125,OATH
91.1690348,227456.1875,459808.4375,AAP
91.7320348,238754.734375,545814.625,GEN
98.2520348,177181.9375,665700.921875,KX
115.6460348,198456.015625,592096.25,Uniq
220.3460348,356261.8125,578347.234375,MaD
60.1128314,306785.34375,261714.8125,FURY
62.3678314,325075.9375,204606.125,GHD
65.8168314,141627.578125,232972.6875,GEN
69.9418314,396333.6875,342347.8125,17
71.2138314,382294.15625,221762.5625,KPI
72.5958314,204474.578125,310285.28125,AAA
75.8178314,438654.59375,428533.46875,OATH
76.8438314,379495.8125,467279.0,SQ
78.0448314,442701.53125,282505.3125,NH
80.7158314,394573.09375,517773.9375,TSM
84.4428314,372558.71875,540885.53125,E36
92.9668314,509730.90625,588843.359375,AAP
97.2938314,565762.8125,557477.953125,GBL
98.7048314,455395.25,736361.5546875,KX
98.8738314,235528.5625,480750.53125,MaD
102.2218314,343395.1875,636104.3125,Uniq
52.4495407,101465.0859375,293583.375,Uniq
54.6875407,100972.8203125,362010.28125,GEN
63.4905407,245132.421875,265534.5625,GHD
64.1045407,183587.390625,404538.53125,E36
67.7145407,227944.703125,375572.8125,AAP
72.4565407,201090.46875,284676.0625,KX
75.0075407,377488.90625,384359.6875,AAA
81.4505407,376791.4375,222747.6875,GBL
82.7935407,433230.59375,352094.96875,KPI
83.6165407,416702.5625,187288.125,FURY
84.7785407,515253.84375,359415.03125,NH
85.6155407,539504.6875,324982.21875,TSM
90.7375407,591697.5625,231221.3125,FaZe
91.6595407,573455.5,370265.65625,SQ
101.0795407,698009.6875,350405.84375,OATH
102.9545407,465174.0,403987.90625,17
61.127485,187747.046875,171327.375,GEN
61.131485,260990.3125,91696.625,E36
64.388485,336977.6875,270035.9375,AAA
66.090485,445441.96875,246178.5625,FURY
71.093485,440411.5,199238.3125,FaZe
79.846485,477030.53125,397133.4375,OATH
81.345485,620168.0625,349132.375,GHD
87.976485,340647.5,363359.4375,SQ
90.002485,608306.75,455235.71875,KX
92.690485,629518.125,505076.46875,GBL
96.824485,566770.875,531311.09375,TSM
103.455485,594517.5,560639.5,AAP
108.235485,686697.4375,570539.9375,Uniq
165.655485,518546.75,227518.1875,KPI
178.457485,429811.53125,369756.6875,BN
212.683485,340891.9375,395086.40625,17
46.7465714,705924.75,671470.828125,Uniq
64.2835714,627136.1875,556497.875,GBL
66.6305714,500600.5625,456823.65625,OATH
67.8035714,501852.9375,544842.375,TSM
68.3145714,552301.5,760606.24609375,GHD
76.6095714,370701.375,523418.90625,BN
78.0245714,351829.53125,583042.015625,E36
78.9885714,587980.25,451534.90625,KX
79.7315714,340899.90625,395150.6875,17
81.5955714,290528.3125,498423.1875,SQ
82.2555714,340616.65625,363401.25,AAA
86.4845714,429799.71875,369755.78125,FURY
87.0495714,235634.765625,480855.78125,FaZe
95.7845714,92815.0546875,316593.6875,GEN
154.9985714,552317.0625,678329.734375,AAP
191.1055714,693488.25,657666.796875,KPI
57.5838777,623887.25,585390.484375,GBL
59.2638777,509773.03125,588866.5,AAP
59.4038777,646848.125,756550.46484375,Uniq
65.3828777,468529.125,507711.8125,TSM
67.7928777,500611.59375,456712.0,OATH
73.0838777,360122.25,450169.625,SQ
73.6508777,382480.90625,517858.5625,BN
75.1688777,377912.09375,398655.90625,17
75.7038777,365134.625,572808.78125,E36
79.2578777,446629.34375,349478.46875,FURY
80.5348777,605204.6875,451949.59375,KX
83.7848777,340598.90625,363423.71875,AAA
87.4358777,343873.3125,261182.6875,GHD
89.9168777,217339.84375,412338.09375,FaZe
96.0868777,149084.421875,222667.875,GEN
125.7888777,664098.125,722717.9609375,KPI
50.9434878,668176.875,644055.484375,AAP
58.9354878,606224.4375,557133.4375,TSM
60.3664878,641613.8125,472630.4375,SQ
66.8354878,499860.5625,545505.34375,E36
72.3204878,450819.3125,504602.84375,BN
73.2034878,448621.46875,507546.34375,GBL
74.8974878,494308.875,342270.53125,KPI
75.7584878,583688.75,343938.15625,FaZe
76.6084878,682618.5625,395004.21875,OATH
86.3444878,416737.28125,187360.0625,FURY
88.9394878,493511.625,632022.015625,AAA
89.3654878,355289.8125,334948.65625,GHD
90.6414878,553957.8125,220846.375,GEN
113.3304878,222328.25,265847.5,KX
133.3564878,559215.6875,676970.734375,Uniq
197.8184878,369897.21875,404322.125,17
53.2280354,698018.4375,350398.96875,OATH
55.2660354,659052.875,352246.71875,FaZe
66.1540354,522826.09375,441969.90625,SQ
72.7290354,487980.9375,350581.28125,KPI
75.7410354,448588.75,507518.09375,BN
78.2910354,497800.46875,534477.1875,TSM
78.7870354,393698.1875,346642.25,GHD
79.3800354,380838.625,448278.125,17
80.3520354,469785.875,521626.5,GBL
82.7890354,271603.59375,391116.15625,AAP
90.9030354,489192.3125,248684.0,FURY
92.3950354,167229.578125,473152.125,GEN
97.0950354,172350.09375,360250.875,AAA
100.6630354,97193.7421875,374394.0625,Uniq
102.5480354,99668.2421875,338718.8125,KX
107.3980354,169726.28125,594600.265625,E36
57.7629314,441491.875,163088.0,FURY
68.4319314,348259.03125,316142.6875,GHD
73.2119314,342441.5,416190.5625,17
75.1459314,465916.65625,349447.53125,KPI
77.0299314,408480.59375,472992.53125,BN
78.2369314,245079.546875,265543.75,KX
78.3549314,271525.15625,391193.1875,AAP
78.8669314,502215.1875,333224.09375,FaZe
79.1079314,374456.15625,514735.15625,GBL
84.7189314,338282.78125,570890.890625,E36
88.1649314,477547.5,527261.15625,TSM
94.8929314,251870.09375,544248.5625,GEN
98.5109314,522841.21875,442034.5,SQ
100.3149314,469474.5625,652104.25,OATH
103.1519314,374076.84375,670183.1875,AAA
105.1929314,459552.03125,720885.9296875,Uniq
56.9974004,382270.0,221730.4375,FaZe
59.7694004,344011.9375,261080.25,TSM
60.3834004,242301.546875,126763.9375,GEN
60.4564004,336997.0,270011.0625,BBL
69.2204004,463811.9375,278558.6875,SQ
73.7124004,471766.8125,317657.59375,GEX
76.8894004,310918.46875,458168.28125,MCG
85.2884004,438137.375,507169.1875,GNL
89.7094004,497949.0,450140.625,OATH
91.6694004,280739.46875,596774.6875,KX
93.2934004,236952.65625,545477.1875,MaD
94.2214004,217304.640625,412253.125,SSG
95.9424004,501786.375,544835.28125,BRU
99.2544004,409426.65625,761847.4453125,ENCE
188.0194004,360884.1875,396133.03125,17
665.2644004,435539.21875,511536.4375,PeRo
62.4445645,222325.953125,265953.3125,KX
62.7185645,295092.125,276915.5,PeRo
65.9685645,376806.875,222731.0625,SQ
71.2715645,407485.75,180599.375,SSG
71.9895645,337912.90625,429712.1875,17
74.7485645,433187.125,352112.03125,FaZe
78.1465645,408402.46875,472930.84375,GNL
79.0455645,227962.734375,375610.1875,GEX
80.7605645,374434.65625,514796.34375,BBL
83.3665645,356225.34375,578397.109375,BRU
87.1775645,211308.484375,426886.5,GEN
87.9605645,317721.8125,569717.78125,E36
89.6705645,477656.71875,527300.9375,TSM
95.4595645,499996.8125,465042.6875,MCG
96.2215645,417457.3125,637641.75,ENCE
111.7945645,559216.0,676977.609375,OATH
56.3959099,442858.625,110854.4375,SQ
68.9929099,433263.15625,352123.6875,FaZe
70.5599099,339685.15625,301066.71875,PeRo
74.5699099,377085.3125,435491.5,17
76.2939099,515192.0,359382.71875,SSG
78.2289099,408366.5625,473061.71875,GNL
80.0509099,264362.09375,268851.1875,KX
82.0359099,424122.0,515149.25,BBL
83.8409099,316763.125,485061.90625,GEN
84.1989099,303005.53125,423468.75,GHD
85.7449099,522812.15625,441982.25,MCG
88.4199099,356238.03125,578394.796875,E36
92.8839099,493552.5625,631980.03125,GEX
95.8569099,417485.0,637760.265625,ENCE
250.6109099,600913.9375,378313.96875,BRU
267.0349099,524253.65625,574406.78125,TSM
61.3043119,509751.71875,588804.28125,BRU
61.7033119,442921.125,587084.171875,GNL
62.9113119,392049.0,640954.671875,E36
70.4473119,567573.0625,700707.5234375,SQ
72.6463119,306661.28125,639581.984375,GHD
74.2043119,321322.71875,506829.625,MCG
78.3913119,438614.8125,428568.53125,PeRo
80.6823119,383339.5,388150.125,17
81.7973119,246957.453125,393592.53125,SSG
87.5593119,204464.203125,310395.90625,AAA
89.7783119,170279.578125,343299.625,TSM
94.4153119,92790.7734375,316605.59375,GEN
98.9543119,180479.546875,529290.875,FaZe
101.9343119,150438.390625,457074.09375,GEX
145.1583119,455395.5625,736407.2734375,ENCE
187.0323119,281462.125,341386.59375,BBL
65.7917004,374451.53125,514776.34375,BBL
66.2157004,459472.78125,720965.2265625,AAA
67.9517004,448557.09375,507603.03125,GNL
69.5677004,257072.625,567090.390625,GEN
75.4007004,465178.3125,404035.6875,FaZe
77.1597004,497012.34375,448685.71875,MCG
77.2167004,377538.75,384283.9375,17
81.3427004,515251.9375,359390.78125,SSG
82.4717004,393666.875,346768.75,PeRo
87.7087004,553859.5625,552561.4375,TSM
91.9947004,640954.75,352896.375,BRU
111.2917004,445626.28125,162797.375,SQ
114.4547004,288261.03125,475724.0625,AAP
127.9917004,271599.71875,391194.21875,GHD
136.1817004,673276.0625,465214.5625,GEX
181.9177004,393526.0625,649294.0625,ENCE
56.4091471,361920.03125,148806.0,GHD
61.0081471,266698.59375,138031.9375,GEN
63.2451471,343896.09375,261130.625,TSM
64.4841471,330191.59375,283006.8125,BBL
67.6901471,396337.5,342317.21875,17
75.2451471,309671.09375,398086.6875,SSG
76.2361471,429353.34375,407451.90625,PeRo
77.3181471,310917.96875,458170.0625,MCG
85.6341471,482483.3125,517490.3125,GNL
94.0841471,288733.78125,556750.28125,FaZe
101.9921471,544054.4375,322039.96875,GEX
105.5321471,308692.46875,758571.23046875,ENCE
113.4291471,515496.375,704850.296875,SQ
113.7861471,524320.5625,618895.46875,AAP
123.0271471,545319.5,556610.03125,BRU
132.4211471,442719.15625,282509.125,KPI
66.2925289,374432.3125,514809.0625,BBL
68.4205289,448544.21875,507597.09375,GNL
71.5985289,257021.265625,567205.375,GEN
75.4155289,377126.84375,435460.84375,17
76.6175289,522799.65625,442090.90625,MCG
78.2555289,539190.8125,580204.890625,TSM
80.6945289,515193.09375,359382.5625,SSG
83.6795289,438740.21875,349968.34375,KPI
85.2025289,433245.65625,352170.78125,FaZe
87.8625289,632472.875,345154.8125,BRU
88.9095289,641650.625,472612.4375,BN
93.6985289,591690.8125,231217.875,PeRo
96.6995289,536262.625,215037.0,SQ
97.6895289,267937.25,521383.28125,AAP
138.8845289,294526.5625,683509.4375,ENCE
304.2205289,632247.625,431496.21875,GHD
53.6405393,698000.8125,350352.90625,OATH
63.4845393,583746.625,343884.875,AAA
72.5215393,603574.3125,199194.75,DIG
72.6065393,522790.0625,442026.15625,KX
73.8305393,425988.125,480308.625,DNW
76.8435393,563566.1875,531925.03125,NH
78.5455393,374454.6875,514730.5625,GBL
78.8805393,689254.5625,488590.53125,GEX
79.0455393,398978.875,429674.78125,TL
82.9765393,462879.1875,375029.15625,NAVI
89.7855393,257037.515625,567143.1875,E36
90.6665393,247219.53125,474038.375,FURY
92.0915393,217767.609375,535315.125,GEN
94.6945393,169822.1875,594561.9375,HERO
97.5275393,146172.78125,656708.5625,VP
97.7315393,356869.28125,659490.84375,MaD
57.1984009,111862.4375,419782.21875,VP
58.1134009,141674.828125,528208.375,GEN
61.1134009,211232.65625,426864.46875,DIG
66.4374009,312989.0,436587.75,TL
68.0594009,271608.1875,391162.09375,FURY
69.0844009,169739.703125,594607.8125,HERO
71.4134009,374445.15625,514722.59375,GBL
73.7484009,408434.5,473054.90625,DNW
73.9984009,297829.46875,567287.609375,E36
84.0694009,433288.9375,352071.09375,NAVI
86.0814009,522788.15625,442058.6875,KX
86.6094009,515179.28125,359391.78125,AAA
89.6544009,653376.6875,471444.59375,GEX
91.8494009,478717.1875,575599.65625,NH
96.0934009,360419.40625,600645.9375,MaD
102.5784009,698015.8125,350397.0,OATH
56.3717725,132500.328125,415246.5,HERO
57.5647725,141672.703125,528268.5625,GEN
62.2447725,80275.21875,332465.65625,VP
62.8707725,271544.1875,391183.4375,FURY
68.7057725,326485.125,436578.9375,TL
74.2477725,172353.515625,360315.1875,GEX
75.5787725,251867.984375,544250.46875,MaD
76.3757725,101401.2109375,293583.8125,KX
77.5937725,433245.90625,352100.21875,NAVI
82.7367725,515189.03125,359473.3125,AAA
84.3607725,192943.234375,584764.984375,E36
86.8977725,408367.28125,472937.34375,DNW
91.5997725,554079.875,220832.25,DIG
91.9377725,374411.25,514710.40625,GBL
92.9607725,522840.71875,442038.78125,NH
99.9297725,698085.1875,350334.875,OATH
51.4074852,595736.8125,723639.3359375,MaD
53.0084852,662775.125,700394.5390625,FURY
61.8344852,566753.4375,531375.625,GBL
66.3524852,500664.34375,456713.15625,OATH
66.8844852,448747.625,584545.875,DIG
72.6104852,605096.5625,452000.71875,KX
75.6374852,463603.53125,633328.515625,E36
78.3554852,379553.34375,467329.71875,VP
78.3984852,378071.0625,398592.03125,TL
85.4944852,318575.8125,345564.28125,AAA
86.6314852,336977.34375,270019.625,DNW
90.9984852,440447.21875,199286.25,NAVI
94.8414852,544165.75,293361.125,GEN
129.5844852,493169.9375,249690.1875,NH
153.1434852,241210.171875,195507.0,HERO
169.2174852,634033.6875,369453.375,GEX
59.6631399,299583.0625,697019.703125,KX
60.0091399,340717.03125,597428.65625,NAVI
69.5841399,253117.515625,677112.15625,FURY
70.1031399,379529.03125,467312.84375,VP
70.6701399,394516.34375,517720.96875,DIG
80.8301399,446718.5625,349362.375,GEX
81.2541399,412882.15625,436718.625,OATH
81.3291399,337047.96875,269947.375,DNW
82.6251399,343869.78125,261175.0625,GBL
90.4651399,156378.53125,513827.0,MaD
96.6721399,471768.96875,317634.78125,NH
96.8881399,266728.78125,138017.375,HERO
102.0591399,458814.625,105540.0625,GEN
142.4421399,174238.9375,438334.46875,AAA
166.2811399,370685.6875,523535.46875,E36
216.3161399,360836.96875,396157.28125,TL
53.7111237,92823.796875,316688.875,HERO
56.1051237,170145.3125,343352.0625,AAA
63.9771237,120029.7734375,423157.59375,GEX
65.9481237,293047.71875,453064.25,VP
68.1641237,117561.8125,459190.78125,NH
72.8441237,321390.21875,506922.125,NAVI
73.6621237,225811.28125,339187.25,DNW
78.5091237,280718.625,596722.125,KX
78.6081237,345656.6875,524385.28125,E36
79.1471237,394542.75,517780.96875,DIG
82.5521237,156363.890625,513855.6875,MaD
82.8851237,377994.375,398556.59375,TL
83.7131237,427196.46875,478189.96875,OATH
91.8851237,501836.125,544802.15625,GBL
107.6751237,646931.5625,756584.6328125,FURY
112.0851237,525371.375,772913.59375,GEN
54.077752,361931.625,148837.625,HERO
60.280752,501640.78125,112218.25,GEN
63.613752,493196.03125,249744.3125,FURY
67.394752,343989.875,261197.3125,DNW
73.700752,477183.125,397132.75,OATH
74.667752,471752.09375,317654.15625,NH
79.127752,303527.5,315735.96875,AAA
82.614752,394533.90625,517778.15625,DIG
83.376752,331300.8125,417357.0,VP
85.998752,563864.25,530753.625,GBL
86.728752,544156.375,293358.75,GEX
93.971752,429762.78125,369744.0,TL
102.893752,321720.03125,579498.953125,KX
106.343752,315880.96875,543024.4375,NAVI
121.544752,390360.0625,592962.0625,E36
199.065752,455452.96875,736353.5,MaD
48.3243818,42257.7109375,648900.609375,FURY
54.3793818,128887.6640625,555531.0,MaD
55.5473818,235328.046875,633465.4375,KX
59.6953818,160066.765625,482949.5,AAA
65.0923818,307216.59375,563120.015625,NAVI
72.9623818,351837.78125,583089.765625,E36
75.4883818,438660.65625,428532.25,OATH
77.9573818,427621.46875,539496.375,DIG
81.1293818,318579.46875,345613.1875,DNW
87.0883818,620231.25,349171.59375,GEX
94.6303818,608380.0625,455207.53125,GBL
95.2533818,653202.5,313480.96875,GEN
124.0183818,518754.4375,176161.25,HERO
136.2173818,493206.96875,249665.5,NH
198.6703818,383304.71875,388032.34375,TL
206.7193818,331298.25,417371.5,VP
51.905,169740.359375,594550.96875,E36
56.299,141677.390625,528192.0,GEN
60.824,107218.140625,478171.71875,GEX
66.595,210563.515625,446965.53125,FURY
67.642,332853.59375,529314.46875,GBL
67.946,312870.3125,436627.15625,TL
72.233,408357.5,473059.71875,DNW
72.689,408348.25,472979.3125,VP
77.222,352856.875,352324.8125,NAVI
80.984,502129.6875,333187.625,AAA
88.983,294444.125,683451.59375,MaD
90.029,522881.28125,442003.78125,NH
92.461,295047.65625,276995.625,KX
93.019,456998.03125,201006.3125,DIG
112.943,683327.875,324802.34375,OATH
289.759,177113.34375,665738.125,HERO
52.6612835,442953.125,110822.9375,DIG
66.3112835,376809.6875,222727.5625,FURY
69.2112835,502209.0,333208.75,AAA
69.4612835,481764.8125,364031.59375,NAVI
77.3002835,486108.71875,487019.0,VP
82.1222835,570184.375,386471.21875,OATH
83.3752835,374404.53125,514711.71875,GBL
84.3762835,316794.40625,485116.28125,GEN
86.7522835,380831.78125,448259.4375,TL
87.1022835,522921.625,442032.84375,GEX
87.9442835,295112.75,276967.5,KX
96.8892835,382792.4375,710823.0234375,MaD
97.3082835,493549.71875,631980.203125,DNW
126.8022835,360396.8125,600619.03125,HERO
152.0462835,257023.53125,567155.109375,E36
443.2852835,539265.0625,580215.296875,NH
64.1719421,295055.90625,276916.4375,PeRo
66.5369421,376691.6875,222755.6875,SSG
66.5609421,344904.4375,152176.125,FURY
67.6449421,215297.015625,287938.9375,KX
71.9789421,172307.859375,360246.4375,GEX
72.2649421,377548.34375,384315.75,TL
75.8239421,408352.6875,472953.84375,DNW
77.4809421,433198.65625,352172.15625,KPI
78.9379421,211313.0625,426882.75,GEN
85.2769421,491498.1875,548767.15625,GBL
85.3049421,356259.46875,578472.984375,HERO
86.5189421,497043.78125,448726.59375,TSM
93.5659421,562190.0,558728.46875,NH
94.6989421,561291.0625,679157.578125,VP
118.1099421,390287.3125,675198.234375,ENCE
127.1029421,465258.34375,404021.15625,NAVI
55.5843149,177174.65625,665703.453125,VP
55.9373149,185598.46875,649378.234375,HERO
65.4793149,374383.4375,514806.96875,GBL
66.1343149,238898.046875,545819.1875,GEN
70.7363149,427655.3125,491862.4375,DNW
72.5513149,377086.0625,435564.21875,TL
79.4193149,522915.53125,442069.40625,TSM
81.0733149,433225.4375,352095.1875,KPI
82.2083149,515212.90625,359383.46875,SSG
85.2853149,462905.875,375054.28125,NAVI
90.1893149,603742.0,455091.53125,GEX
93.4113149,562365.9375,573548.78125,NH
94.1773149,553936.9375,220894.4375,FURY
98.0033149,371439.40625,344112.53125,PeRo
172.0423149,294626.71875,683486.671875,ENCE
175.1013149,570405.125,222728.25,KX
58.4602595,689188.5,488669.625,GEX
63.1942595,580962.125,530669.625,TSM
63.9332595,553929.625,552615.25,NH
65.0932595,491495.78125,548741.28125,GBL
67.3112595,681432.25,456388.84375,SSG
68.3452595,681421.3125,456467.375,FURY
70.9772595,448622.75,507569.15625,DNW
78.6502595,377103.03125,435516.40625,TL
82.4022595,257023.140625,567207.90625,HERO
84.3422595,217846.03125,535297.53125,GEN
88.9182595,227457.09375,459808.15625,KPI
93.5402595,271532.78125,391190.5,PeRo
104.3602595,97190.8671875,374393.28125,KX
104.7282595,674205.6875,720246.0234375,VP
111.0682595,465202.84375,404068.71875,NAVI
259.3072595,459511.625,720922.171875,ENCE
58.53334,170279.09375,343221.75,DNW
63.06734,330167.78125,283218.3125,GBL
69.65134,325053.34375,204709.3125,KX
70.49234,246971.359375,393562.09375,SSG
70.81834,396381.96875,342329.03125,TL
78.28334,331311.40625,417344.78125,VP
78.57234,148480.40625,395545.875,FURY
80.97334,354713.59375,174928.375,NAVI
82.07934,429383.59375,407492.96875,TSM
84.15834,477095.875,397087.46875,PeRo
88.73234,463764.96875,278531.0625,NH
88.88434,588249.625,338848.75,GEX
96.40234,587906.75,451402.59375,ENCE
196.34534,518526.03125,227506.125,KPI
231.93734,135334.140625,222512.9375,HERO
275.29934,167863.265625,219341.5,GEN
54.1941452,96904.8515625,502615.5,HERO
58.1361452,160968.390625,535671.3125,FURY
58.6321452,36399.15234375,588188.65625,NH
60.4041452,120032.6171875,423052.5625,GEN
62.5551452,174262.625,438301.28125,SSG
63.2401452,235595.53125,480865.09375,NAVI
71.4771452,280803.0,596791.65625,KX
73.0781452,394526.21875,517710.53125,TSM
74.8291452,247041.390625,393508.125,DNW
82.4401452,438699.15625,428529.1875,PeRo
83.9451452,386655.65625,399775.53125,TL
88.3811452,566828.625,531333.34375,GBL
89.7791452,605062.375,451986.40625,ENCE
95.1761452,686670.625,570573.96875,KPI
129.6211452,650844.5625,374889.65625,GEX
202.2931452,344249.5,440002.1875,VP
56.6529093,384364.4375,741698.40625,ENCE
67.1089093,394619.5,517685.8125,TSM
68.5779093,379489.96875,467324.59375,VP
69.6889093,321354.46875,506892.75,NAVI
70.9819093,235316.609375,633486.8125,KX
71.4919093,438653.5,428553.09375,PeRo
72.8039093,509776.6875,588859.359375,GBL
73.9319093,377986.9375,398557.5625,TL
77.3479093,293160.4375,453035.75,SSG
81.9309093,463876.53125,278576.0,NH
84.1729093,471801.8125,317601.75,KPI
87.5109093,330192.625,283069.5,DNW
90.0589093,544121.9375,293350.625,GEN
98.8559093,518825.28125,121728.1875,HERO
103.2489093,586790.3125,325105.59375,GEX
109.1919093,215101.453125,531002.8125,FURY
54.5663986,657063.3125,552326.9375,GBL
57.6023986,693416.8125,657633.546875,KX
62.2363986,587985.375,451460.6875,ENCE
67.5643986,500642.375,456702.125,PeRo
69.6563986,468653.40625,507840.15625,TSM
75.5853986,463831.78125,278498.1875,NH
76.9193986,386588.9375,399681.34375,TL
77.5313986,481408.0625,284864.1875,KPI
82.1493986,336973.4375,270064.4375,DNW
83.8933986,575261.9375,656005.078125,FURY
90.6443986,340949.8125,395245.0,SSG
92.3333986,388172.9375,198122.4375,NAVI
117.5773986,638558.75,300662.0625,GEN
146.6763986,634010.4375,369490.21875,GEX
213.8933986,144596.40625,279694.75,HERO
218.1923986,344313.96875,440042.46875,VP
58.4000241,638574.6875,300650.59375,GEN
61.9860241,586833.375,325139.0625,GEX
67.3520241,477112.84375,397228.875,PeRo
69.3600241,556939.6875,460975.46875,ENCE
76.0840241,379484.90625,467309.46875,VP
79.3060241,394589.875,517751.0,TSM
81.2130241,386575.9375,399762.6875,TL
83.4140241,321389.46875,506927.09375,NAVI
86.1840241,331236.4375,417330.65625,DNW
87.5010241,280725.9375,596807.953125,KX
87.8200241,563820.5,530875.28125,GBL
88.3470241,463814.125,278617.375,NH
91.8700241,215036.03125,530959.8125,FURY
112.7630241,42241.61328125,648900.03125,HERO
127.8750241,208772.65625,409858.46875,SSG
154.6630241,481440.40625,284836.5,KPI
56.7219373,689268.1875,488645.28125,GEX
56.9419373,692356.9375,391307.125,FURY
61.4499373,644831.0625,551231.6875,VP
67.6139373,522918.53125,442024.6875,TSM
69.1919373,515184.1875,359382.4375,SSG
70.4549373,448533.28125,507520.125,DNW
70.7889373,572839.75,564131.671875,NH
76.0429373,374464.25,514755.96875,GBL
77.1719373,433195.5,352102.8125,NAVI
77.9729373,502209.46875,333211.96875,KPI
82.9199373,432939.28125,589755.734375,ENCE
88.3439373,167077.484375,473242.65625,GEN
89.2739373,272771.84375,561486.359375,HERO
91.4439373,348195.125,316197.4375,PeRo
98.8159373,290384.75,426588.875,TL
99.9479373,97219.5859375,374391.9375,KX
55.0004228,450717.5625,107904.5,KX
58.5454228,462825.46875,166374.9375,FURY
67.8964228,515206.65625,359375.34375,KPI
72.3344228,433153.5,352073.1875,PeRo
73.9024228,522973.3125,442055.8125,TSM
78.1054228,548356.3125,350305.6875,SSG
78.3124228,641001.625,352828.34375,GEN
78.6704228,462918.90625,375034.03125,NAVI
83.1754228,603753.125,455054.125,GEX
84.3104228,448609.90625,507520.21875,DNW
93.5854228,377596.90625,384346.3125,TL
94.3164228,588621.875,561774.859375,NH
102.9224228,668057.8125,644108.359375,HERO
104.4514228,374443.28125,514734.96875,GBL
111.3614228,419683.34375,603910.140625,ENCE
259.5694228,570391.6875,222778.875,VP
54.4648346,141727.359375,528267.75,GEN
56.8688346,167061.875,473225.0625,PeRo
59.4678346,111805.1015625,419838.0,SSG
64.3368346,257096.40625,567188.3125,HERO
65.1448346,211290.71875,426792.0,KPI
74.1748346,374363.53125,514752.125,GBL
76.0118346,408374.75,473064.375,DNW
83.1748346,172244.796875,360329.625,KX
88.4358346,553887.5625,552516.84375,NH
92.3478346,522918.75,442064.1875,TSM
94.9668346,631799.4375,640212.640625,FURY
99.8288346,614350.75,461605.9375,GEX
108.1768346,465215.1875,404060.15625,NAVI
163.5548346,356278.28125,578422.65625,ENCE
221.3628346,108236.5625,679504.484375,VP
254.3038346,369844.9375,404248.625,TL
57.5392872,698063.75,350332.4375,FURY
59.4962872,689205.625,488683.53125,GEX
65.5082872,584638.4375,451115.71875,TSM
66.3952872,583769.0625,343977.78125,SSG
71.4622872,562082.5,558576.609375,NH
71.6562872,491227.5625,528350.125,GBL
72.8852872,448596.03125,507522.875,DNW
74.1232872,489527.40625,381959.4375,KPI
80.4832872,442727.15625,394540.375,NAVI
85.6382872,257113.34375,567108.6875,HERO
86.6142872,396943.0,630221.609375,ENCE
86.6532872,326447.59375,436618.40625,TL
92.5252872,279172.03125,429504.6875,PeRo
94.0862872,214305.40625,522540.3125,GEN
96.7572872,146156.96875,656828.546875,VP
104.4582872,125877.828125,487140.25,KX
54.5645045,342853.0625,163078.875,SSG
62.7965045,441488.0625,163058.75,FURY
68.8555045,316828.28125,289885.3125,PeRo
71.1545045,421680.15625,348215.15625,NAVI
73.2315045,377104.71875,435439.21875,TL
76.0265045,271501.15625,391113.65625,GEX
78.3115045,408331.21875,473044.34375,DNW
79.7605045,374380.59375,514737.6875,GBL
86.3655045,494169.1875,342203.625,KPI
87.1105045,202007.703125,256717.125,KX
87.1775045,257094.0,567195.8125,HERO
90.5085045,238784.46875,545888.34375,GEN
92.6065045,449385.625,585503.984375,NH
99.1645045,496990.875,448725.0625,TSM
102.4275045,417478.40625,637673.90625,ENCE
118.9045045,185642.125,649332.296875,VP
55.8576136,644934.125,361859.0625,GEX
56.5626136,713851.625,482366.78125,GBL
66.7286136,477047.125,397162.0625,PeRo
67.1616136,642958.5625,261480.5625,GEN
70.2616136,654509.3125,470670.8125,ENCE
70.7366136,463801.125,278594.4375,NH
79.3036136,487667.65625,486996.75,TSM
81.5166136,331212.40625,417395.6875,VP
83.1016136,281392.96875,341447.03125,DNW
84.1286136,247085.265625,393616.4375,SSG
91.0566136,235482.5,480912.875,NAVI
93.6776136,505156.25,238692.6875,KPI
97.4776136,92863.5859375,316640.375,HERO
103.3686136,181576.140625,522596.09375,FURY
164.2386136,370798.3125,371192.46875,TL
221.1576136,78798.234375,518213.625,KX
54.2654048,686666.1875,570544.0,GEX
63.7634048,664617.25,549252.6875,GBL
64.0254048,734768.125,718760.265625,KPI
70.8144048,482471.46875,517538.71875,TSM
77.0484048,500599.03125,456759.90625,PeRo
77.8664048,307154.65625,563069.4375,NAVI
78.2954048,280676.03125,596781.078125,KX
84.5164048,293094.9375,453067.21875,VP
87.7934048,181573.390625,522670.6875,FURY
88.0084048,259454.453125,422238.03125,DNW
90.5604048,213054.375,415717.40625,SSG
92.6314048,654585.5625,470617.9375,ENCE
94.2544048,96927.484375,502653.46875,HERO
95.0984048,78698.8046875,518221.15625,NH
98.9534048,386533.90625,399694.125,TL
102.5174048,98786.6484375,334454.0,GEN
